1,1
1,2
1,3
1,4
1,5
1,6
1,7
1,8
1,9
1,10
1,11
1,12
1,13
1,14
1,15
1,16
2,17
2,18
2,19
2,20
2,21
2,22
3,23
3,24
3,25
3,26
3,27
4,28
4,29
4,30
4,31
4,32
4,33
4,34
4,35
4,36
4,15
5,37
5,38
5,39
5,3
5,8
5,13
5,14
5,15
5,16
6,40
6,41
6,42
6,43
6,44
6,45
6,46
6,47
7,48
7,49
7,50
7,51
7,52
7,53
7,54
7,55
7,56
7,57
7,58
7,59
8,60
8,61
8,62
8,63
8,64
8,65
8,66
8,14
9,67
9,14
9,60
9,61
9,62
9,63
9,65
9,66
10,68
10,69
10,70
10,14
10,66
11,71
11,72
11,73
11,74
11,75
11,76
11,77
11,14
11,15
11,16
12,78
12,79
12,80
12,81
12,82
12,83
12,84
12,85
12,86
12,14
13,87
13,18
13,19
14,88
14,89
14,8
14,14
14,15
14,16
14,66
15,19
15,87
16,90
16,14
16,66
16,70
16,88
17,91
17,92
17,93
17,94
17,95
17,96
17,97
17,98
17,99
17,100
17,101
17,102
17,103
17,104
17,105
17,106
17,107
18,108
18,109
18,110
18,111
18,3
18,8
18,14
18,15
18,16
19,112
19,113
19,114
19,115
19,116
19,117
19,118
19,119
20,120
20,121
20,122
20,123
20,124
20,125
20,126
20,127
20,128
20,129
20,130
20,131
20,132
20,133
21,8
21,14
21,15
21,16
21,66
21,88
21,89
22,134
22,135
22,136
22,137
22,14
22,15
22,16
22,32
22,33
22,34
22,72
22,76
22,77
23,138
23,139
23,14
23,68
23,81
23,110
24,140
24,141
24,142
24,143
24,144
24,145
24,146
24,147
24,148
24,149
24,150
24,15
24,31
24,32
24,80
24,82
24,84
24,85
25,151
25,152
25,153
25,154
25,155
25,14
25,15
25,66
25,89
25,109
25,110
25,135
26,156
26,14
26,15
26,16
26,66
26,81
26,86
26,109
27,157
27,8
27,14
27,15
27,16
27,66
27,70
27,88
27,89
27,90
28,158
28,159
28,160
28,161
28,162
28,52
28,53
28,54
28,55
28,56
28,57
28,100
29,163
29,164
29,165
29,166
29,167
29,14
29,86
29,88
29,89
29,90
30,168
30,169
30,170
30,171
30,50
30,51
30,52
30,53
30,54
30,55
30,56
30,57
30,59
31,14
31,15
31,16
31,66
31,68
31,70
31,81
32,172
32,173
32,174
32,175
32,176
32,177
32,178
32,179
32,180
32,181
32,182
32,183
32,184
32,185
32,12
32,15
32,16
32,45
32,52
32,53
32,54
32,55
32,56
32,57
32,59
32,120
32,121
32,123
32,124
32,125
32,126
32,127
32,128
32,133
33,186
33,187
33,188
33,189
33,190
33,191
34,192
34,193
34,194
34,120
34,123
34,125
34,133
34,172
35,195
35,196
35,197
35,15
35,16
35,29
35,33
35,34
35,178
36,198
36,199
36,200
36,40
36,41
36,42
36,43
36,45
36,46
36,47
37,201
37,202
37,203
37,14
37,86
37,167
38,204
38,205
38,206
38,50
38,51
38,52
38,53
38,54
38,55
38,56
38,57
38,59
38,171
39,207
39,208
39,209
39,210
39,211
40,212
40,213
40,123
40,125
40,133
40,172
40,192
40,194
41,214
41,215
41,216
42,217
42,214
42,215
42,216
43,218
43,219
43,220
43,221
43,222
43,223
43,12
43,178
44,224
44,225
44,14
44,18
44,109
45,226
45,227
45,228
45,33
45,34
46,229
46,230
46,231
46,232
46,233
47,234
47,14
47,68
47,81
47,138
47,139
48,235
48,236
48,237
48,238
48,13
48,37
48,39
49,239
49,240
49,241
49,242
49,243
49,244
49,245
49,246
49,20
50,247
50,248
50,249
50,250
50,251
50,252
50,253
50,254
50,255
50,256
50,93
51,257
51,258
51,259
51,260
51,261
51,262
51,263
51,264
51,265
52,266
52,267
52,268
52,269
52,123
53,270
53,14
54,14
54,89
54,110
54,138
55,271
55,12
55,15
55,16
55,32
55,120
55,121
55,123
55,125
55,128
55,133
55,149
55,172
55,174
55,178
55,179
55,185
56,272
56,273
56,274
57,275
57,276
57,277
57,278
57,50
57,52
57,53
57,54
57,55
57,56
57,57
57,59
57,169
57,171
57,206
58,279
58,15
58,16
58,28
58,29
58,33
58,34
58,195
59,280
59,281
59,282
59,283
59,284
59,285
59,120
59,121
59,123
59,133
60,286
60,14
60,86
60,164
60,167
61,287
61,288
61,289
61,112
61,113
61,114
61,115
61,119
62,290
62,291
62,292
62,293
62,127
63,294
63,295
63,56
63,160
63,161
63,162
64,296
64,297
64,298
64,299
64,300
64,301
64,302
64,33
64,34
64,284
65,303
65,14
65,78
65,81
65,83
65,85
65,86
66,304
66,305
66,306
66,307
67,308
67,309
67,310
67,14
67,15
67,16
67,33
67,34
67,71
67,72
67,77
67,136
68,311
68,312
68,313
68,314
68,315
68,316
68,317
68,318
69,319
69,320
69,125
69,126
69,129
69,133
70,321
70,322
70,323
70,324
70,325
70,326
71,327
71,328
71,329
71,330
71,331
71,332
71,333
71,334
71,335
71,336
71,12
71,15
71,16
71,32
71,33
71,34
71,66
71,133
71,178
71,179
72,337
72,338
72,339
72,340
72,341
72,342
72,343
72,344
72,345
72,346
72,93
72,179
72,248
72,256
73,347
73,348
73,213
74,349
74,350
74,351
74,352
74,353
74,13
74,39
74,237
75,354
75,355
75,356
75,357
75,358
75,359
75,360
75,361
75,14
75,15
75,66
75,120
75,121
75,123
75,125
75,128
75,133
75,172
75,174
75,179
75,182
75,185
75,194
75,248
76,362
76,363
76,364
76,365
76,248
76,340
76,341
76,342
76,346
77,366
77,367
77,368
77,369
77,370
77,93
77,247
77,248
77,249
77,250
77,251
77,252
77,253
77,254
77,255
77,256
77,363
77,364
78,371
78,372
78,373
78,374
78,375
78,376
78,377
78,378
78,379
78,380
78,381
78,382
78,383
78,384
78,385
78,386
78,387
78,388
78,389
79,390
79,391
79,392
79,393
80,394
80,395
80,396
81,397
81,398
81,45
81,56
81,158
81,159
81,160
81,161
81,162
82,399
82,400
82,401
82,402
82,403
82,404
82,405
82,406
82,407
82,408
82,409
82,410
82,411
82,412
82,28
82,35
82,36
82,397
83,272
83,273
83,274
84,322
84,323
84,325
84,326
85,413
85,414
85,415
85,118
86,272
86,273
86,274
87,416
87,42
87,46
88,417
88,418
88,12
88,15
88,32
88,33
88,34
88,123
88,124
88,125
88,128
88,133
88,149
88,172
88,174
88,178
88,310
88,320
89,419
89,420
89,421
89,422
89,423
89,424
89,425
89,133
89,179
89,182
89,285
90,426
90,272
90,273
90,274
91,427
91,428
91,429
91,430
91,431
92,432
92,433
93,434
93,435
93,436
93,437
93,409
94,438
94,439
94,440
94,441
95,442
95,443
95,444
95,445
95,446
95,447
95,448
95,449
95,450
95,451
95,452
95,453
95,454
96,455
96,456
96,457
96,458
96,14
96,15
96,16
96,66
96,89
96,110
96,135
96,138
96,152
96,153
96,154
96,155
97,459
97,460
97,461
97,462
97,463
97,15
97,33
97,34
97,226
98,464
98,465
98,466
98,467
98,468
98,469
98,470
98,471
98,472
98,93
99,14
99,68
99,81
99,138
99,234
100,473
100,474
100,475
100,476
100,477
101,478
101,479
101,480
101,481
101,50
101,52
101,53
101,54
101,55
101,56
101,57
101,59
101,278
102,14
102,15
102,16
102,33
102,34
102,72
102,76
102,77
102,134
102,135
103,482
103,483
103,484
103,15
103,30
103,178
103,244
103,246
104,485
104,486
104,487
104,430
105,123
105,124
105,125
105,133
105,172
105,192
105,194
105,212
105,213
106,488
106,489
106,490
106,491
106,492
106,493
106,494
106,482
107,272
107,273
107,274
108,495
108,496
108,497
108,498
108,22
108,289
108,432
109,499
109,500
109,501
109,502
109,503
109,504
109,505
109,506
109,507
109,508
109,509
109,510
109,511
109,512
109,513
109,514
109,515
109,516
109,517
109,49
109,52
109,53
109,54
109,55
109,56
109,57
110,518
110,519
110,520
110,521
110,248
110,363
110,364
111,522
111,125
111,127
111,129
111,133
111,290
112,272
112,273
112,274
113,33
113,34
113,226
113,461
114,523
114,524
114,525
114,526
115,14
115,15
115,66
115,89
115,110
115,135
115,151
115,152
115,153
115,154
115,155
115,458
116,527
116,528
116,529
116,86
117,530
117,531
117,80
117,84
117,150
117,167
117,477
118,532
118,533
118,3
118,5
118,6
118,12
118,15
118,16
118,32
118,178
119,534
119,535
119,536
119,537
119,538
119,133
119,311
119,312
120,539
120,32
121,540
121,541
121,542
121,93
121,133
121,256
121,521
122,12
122,15
122,16
122,32
122,33
122,34
122,120
122,123
122,125
122,128
122,133
122,149
122,172
122,178
122,179
123,543
123,544
123,545
123,546
123,12
123,15
123,16
123,32
123,33
123,34
123,66
123,133
123,172
123,178
123,179
123,255
123,310
123,327
123,331
123,358
124,547
124,548
124,442
124,450
124,451
125,549
125,550
125,551
125,552
125,553
125,554
125,555
125,556
125,557
125,15
125,466
125,472
126,14
126,78
126,81
126,86
127,558
127,559
127,560
127,561
127,562
127,12
127,15
127,16
127,29
127,178
127,197
127,279
128,563
128,564
128,31
128,321
128,322
128,323
128,324
128,325
128,326
129,565
129,566
129,567
129,568
129,569
129,570
129,571
130,572
130,573
130,574
130,575
130,348
130,413
130,415
131,576
131,577
131,578
131,227
131,228
132,579
132,580
132,581
132,582
132,583
132,584
132,585
132,586
132,587
132,15
132,133
132,354
132,359
133,588
133,589
133,590
133,591
133,592
133,593
133,594
133,595
133,6
133,11
133,12
133,15
133,16
133,178
134,15
134,70
134,279
135,596
135,597
135,598
135,599
135,600
135,93
135,252
135,253
135,254
135,255
135,256
135,370
135,421
135,422
135,468
136,601
136,14
136,15
136,16
136,66
136,69
136,77
136,89
136,109
136,110
136,135
137,12
137,15
137,33
137,34
137,120
137,123
137,124
137,125
137,126
137,127
137,128
137,133
137,172
137,174
137,178
137,184
137,226
137,310
138,602
138,603
138,125
138,133
138,172
138,192
138,213
139,604
139,605
139,22
139,24
140,12
140,15
140,16
140,45
140,52
140,53
140,54
140,55
140,56
140,57
140,59
140,120
140,121
140,123
140,124
140,125
140,126
140,127
140,128
140,133
140,172
140,173
140,174
140,175
140,176
140,177
140,178
140,179
140,180
140,181
140,182
140,183
140,184
140,185
141,606
141,607
141,608
141,609
141,610
141,611
141,612
141,613
141,614
141,615
141,616
141,617
141,245
141,246
141,421
141,422
141,423
141,600
142,618
142,619
142,620
142,621
142,39
142,237
143,622
143,623
143,624
144,625
144,626
144,627
144,1
144,2
144,5
144,6
144,10
144,11
144,12
144,16
145,628
145,442
145,450
145,451
145,547
145,548
146,629
146,630
146,273
146,274
146,426
147,631
147,632
147,633
147,634
147,635
147,636
147,637
147,638
148,639
148,640
148,323
148,325
148,326
149,641
149,14
149,15
149,16
149,66
149,69
149,81
149,86
149,109
149,156
150,642
150,643
150,644
150,645
150,646
150,647
150,648
150,649
150,650
150,133
150,174
151,13
151,37
151,39
151,235
151,236
151,238
152,651
152,33
152,34
152,226
152,459
152,460
152,462
152,463
153,652
153,653
153,14
153,15
153,16
153,66
153,69
153,81
153,108
153,109
153,110
153,331
154,654
154,655
154,656
154,657
154,322
154,325
154,391
155,658
155,659
155,660
155,661
155,446
156,662
156,663
156,664
156,665
156,666
156,179
157,667
157,668
157,669
157,670
157,671
157,14
157,71
157,76
157,77
157,135
157,601
158,672
158,673
158,674
158,675
158,676
158,677
158,678
158,679
158,680
158,681
159,682
159,683
159,684
159,685
159,686
160,14
160,15
160,16
160,68
160,81
160,89
160,110
160,138
161,687
161,688
161,14
161,15
161,16
161,66
161,89
161,110
161,133
161,135
161,151
161,152
161,153
161,154
161,155
161,457
161,458
162,689
162,690
162,691
162,692
162,693
162,694
162,695
162,696
162,697
162,482
162,494
163,698
163,699
163,700
163,701
164,702
164,703
164,704
164,281
164,282
164,285
165,31
165,32
166,705
166,706
166,707
166,708
167,709
167,710
167,711
167,712
167,84
167,123
167,128
167,133
167,172
167,173
167,174
167,185
167,707
168,713
168,714
168,699
169,715
169,716
169,717
169,718
169,70
170,719
170,720
170,721
170,14
170,15
170,16
170,66
170,68
170,69
170,89
170,94
170,109
170,110
170,133
170,135
170,151
170,179
170,554
171,722
171,133
171,280
171,281
171,285
171,558
172,723
172,724
172,14
172,109
172,529
173,725
173,14
173,17
173,18
173,110
174,726
174,727
174,463
175,728
175,729
175,730
175,731
175,732
175,733
175,734
175,312
175,535
175,538
176,735
176,736
176,737
177,123
177,124
177,128
177,133
177,172
177,174
177,320
177,707
177,710
178,738
178,739
178,740
178,741
178,742
178,743
178,744
178,745
178,746
178,747
178,748
178,33
178,34
178,251
178,310
178,546
178,642
178,728
179,749
179,750
179,751
179,752
179,753
179,754
179,755
179,756
179,757
179,758
179,759
179,760
179,761
179,371
179,372
179,373
179,374
179,375
179,376
179,377
179,378
179,379
179,380
179,383
179,384
179,385
179,387
179,388
180,14
180,15
180,16
180,66
180,69
180,89
180,109
180,110
180,135
180,151
180,152
180,153
180,154
180,155
180,457
181,762
181,763
181,764
181,765
181,766
181,767
181,768
181,49
181,50
181,52
181,53
181,54
181,55
181,56
181,57
181,58
181,59
181,500
181,642
182,769
182,520
182,521
182,541
183,770
183,771
183,772
183,773
183,774
183,775
183,776
183,777
183,778
183,779
183,780
183,781
183,782
183,783
183,33
183,34
183,251
183,253
183,254
183,255
183,297
183,310
183,462
183,739
183,744
184,529
184,723
185,784
185,12
185,15
185,120
185,121
185,123
185,125
185,128
185,133
185,172
185,178
185,280
185,285
186,785
186,786
186,787
186,788
186,789
186,790
186,791
186,421
186,423
186,424
186,432
186,495
186,498
186,607
187,352
188,792
188,793
188,794
189,795
189,796
189,797
189,798
189,799
189,800
189,801
189,123
189,125
189,133
189,172
189,180
189,181
189,182
190,802
190,1
190,2
190,3
190,6
190,8
190,10
190,11
190,12
190,15
190,16
190,33
190,34
190,178
190,532
190,588
190,595
191,803
191,167
191,673
191,675
191,676
191,677
191,679
191,680
191,681
192,804
192,805
192,20
192,120
192,123
192,125
192,133
192,280
192,281
192,282
192,283
192,284
192,285
192,801
193,806
193,807
193,808
193,809
193,801
194,810
194,125
194,133
194,172
194,213
194,603
195,672
195,673
195,676
195,677
195,679
195,680
195,681
196,811
196,812
196,813
196,14
196,66
196,72
196,74
196,76
196,77
196,671
197,32
197,539
198,814
198,815
198,816
198,817
198,818
198,819
198,84
198,173
198,185
198,421
198,422
198,423
198,424
198,432
198,495
198,498
198,607
198,609
198,615
198,617
198,709
199,820
199,821
199,162
199,658
199,661
200,822
200,823
200,824
200,825
200,826
200,827
200,125
200,133
200,172
200,391
200,426
201,828
201,829
201,830
201,831
202,832
202,833
202,834
202,835
202,490
202,491
202,493
203,836
203,14
203,151
203,529
203,661
203,724
203,820
204,837
204,838
205,120
205,123
205,125
205,133
205,172
205,213
205,603
205,810
206,839
206,840
206,841
206,842
206,843
206,844
206,845
206,846
206,847
207,120
207,123
207,125
207,133
207,172
207,174
208,848
208,849
208,850
208,851
208,15
208,120
208,123
208,124
208,125
208,133
208,172
208,174
209,15
209,33
209,34
209,197
209,279
210,852
210,853
210,854
210,855
210,856
210,857
210,858
210,859
210,860
210,861
211,14
211,15
211,16
211,66
211,89
211,110
211,135
211,151
212,14
212,15
212,16
212,66
212,89
212,110
212,135
212,151
213,15
213,33
213,34
213,197
213,279
214,862
214,863
214,864
214,865
214,15
214,52
214,53
214,54
214,55
214,56
214,57
214,59
214,123
214,133
214,171
214,172
214,183
214,206
214,499
214,517
214,768
215,866
215,12
215,15
215,32
215,33
215,34
215,178
215,539
216,867
216,15
216,123
216,125
216,128
216,133
216,172
216,174
216,185
216,354
216,507
217,868
217,869
217,493
218,870
218,14
218,15
218,16
218,66
218,68
218,110
218,133
218,151
218,152
218,153
218,154
218,155
218,457
218,458
219,871
219,872
219,873
219,874
219,875
219,876
219,877
219,878
219,879
219,880
219,881
219,882
219,883
220,14
220,15
220,16
220,66
220,89
220,110
220,123
220,128
220,133
220,135
220,151
220,172
220,185
220,354
220,867
221,884
221,885
221,886
222,887
222,888
222,889
222,890
223,891
223,892
223,893
223,894
223,895
223,896
223,251
223,310
223,356
223,729
224,897
224,898
224,899
224,900
224,901
224,310
224,699
224,700
224,701
224,714
224,893
225,18
225,529
225,723
226,12
226,15
226,33
226,34
226,120
226,123
226,125
226,128
226,133
226,172
226,174
226,178
226,185
226,354
226,507
226,894
227,902
227,460
228,13
228,236
228,238
228,352
229,903
229,12
229,15
229,16
229,29
229,178
229,197
229,279
229,560
229,561
230,904
230,15
230,16
230,120
230,123
230,125
230,128
230,133
230,172
230,174
230,185
230,194
230,320
230,354
230,507
230,867
230,894
231,905
231,906
231,907
231,908
231,14
231,15
231,66
231,109
231,128
231,133
231,151
231,172
231,173
231,185
231,354
231,507
231,653
231,867
231,894
232,909
232,910
232,911
233,912
233,913
233,914
233,915
233,93
233,248
233,252
233,253
233,254
233,256
233,615
234,916
234,917
234,918
234,233
234,793
234,794
235,919
235,920
235,921
235,922
235,923
235,924
235,43
236,15
236,16
236,123
236,125
236,126
236,133
236,172
236,320
236,331
236,543
237,925
237,926
237,927
237,928
237,929
237,930
237,931
237,15
237,133
237,354
237,359
237,579
237,583
237,868
237,869
238,162
238,658
238,659
238,660
238,661
238,820
238,821
239,14
239,15
239,16
239,66
239,109
239,110
239,135
239,641
239,905
240,932
240,933
240,934
240,935
240,936
240,937
240,938
240,33
240,34
240,35
240,36
240,411
240,412
241,939
241,12
241,14
241,15
241,16
241,32
241,33
241,34
241,66
241,72
241,74
241,77
241,149
241,178
241,418
241,671
241,811
241,813
242,14
242,15
242,16
242,66
242,109
242,110
242,905
243,940
243,941
243,12
243,15
243,16
243,31
243,32
243,33
243,34
243,84
243,178
243,331
244,942
244,943
244,944
244,945
244,230
244,232
244,233
244,793
245,1
245,6
245,8
245,11
245,12
245,15
245,16
245,33
245,34
245,178
245,595
246,460
246,902
247,946
247,22
247,289
247,432
247,495
247,496
247,497
247,498
248,947
248,948
248,14
248,15
248,16
248,61
248,66
248,94
248,109
248,110
248,128
248,133
248,151
248,172
248,173
248,185
248,354
248,507
248,653
248,721
248,801
248,806
248,867
248,894
248,905
248,906
248,907
248,908
249,14
249,15
249,16
249,120
249,123
249,125
249,128
249,133
249,151
249,172
249,174
249,179
249,182
249,185
249,194
249,354
249,355
249,507
250,949
250,66
251,950
251,951
251,12
251,15
251,16
251,32
251,33
251,34
251,36
251,66
251,178
251,310
251,728
251,732
251,738
251,743
251,774
251,783
251,934
252,1
252,6
252,11
252,12
252,15
252,16
252,33
252,34
252,178
252,595
253,952
253,953
253,954
253,14
253,15
253,16
253,66
253,68
253,74
253,77
253,109
253,197
253,813
254,955
254,956
254,957
254,958
254,959
254,960
254,961
254,962
254,493
254,833
254,868
254,869
255,963
255,964
255,965
255,966
255,15
255,133
255,354
255,359
255,579
255,583
255,584
255,585
256,967
256,125
256,126
256,133
256,172
256,320
257,14
257,15
257,33
257,34
257,66
257,68
257,109
257,303
257,641
257,953
257,954
258,968
258,969
258,15
258,32
258,80
258,82
258,84
258,142
258,148
258,149
258,150
258,941
259,970
259,12
259,33
259,34
259,36
259,178
259,310
259,728
259,732
259,738
259,743
259,774
259,783
259,934
259,951
260,971
260,972
260,973
260,14
260,15
260,16
260,33
260,34
260,197
261,974
261,14
261,15
261,16
261,66
261,109
261,653
261,905
261,954
262,975
262,976
262,977
262,978
262,979
262,980
262,981
262,982
263,983
263,984
263,442
263,450
263,451
263,547
264,985
264,986
264,987
264,988
264,989
264,990
265,991
265,992
265,993
265,994
266,995
266,996
266,997
266,998
266,999
266,1000
266,1001
266,1002
266,1003
266,1004
266,1005
266,1006
266,1007
266,1008
266,1009
266,1010
266,1011
266,1012
266,1013
266,1014
266,1015
266,1016
266,1017
266,1018
266,1019
266,1020
266,1021
266,1022
266,1023
266,1024
266,1025
266,1026
266,1027
266,1028
266,1029
266,1030
266,1031
266,1032
266,1033
266,1034
266,1035
266,1036
266,1037
266,1038
266,1039
266,1040
266,1041
266,1042
266,1043
266,1044
266,1045
266,1046
266,1047
266,1048
266,1049
266,1050
266,1051
266,1052
266,1053
266,1054
266,1055
266,1056
266,1057
266,1058
266,1059
266,1060
266,1061
266,1062
266,1063
266,1064
266,1065
266,1066
266,1067
266,1068
266,1069
266,1070
266,1071
266,1072
266,1073
266,1074
266,1075
266,1076
266,1077
266,1078
266,1079
266,1080
266,1081
266,1082
266,1083
266,1084
266,1085
266,1086
266,1087
266,1088
266,1089
266,1090
266,1091
266,1092
266,1093
266,1094
266,1095
266,1096
266,1097
266,1098
266,1099
266,1100
266,1101
266,1102
266,1103
266,1104
266,1105
266,1106
266,1107
266,1108
266,1109
266,1110
266,1111
266,1112
266,1113
266,1114
266,1115
266,1116
266,1117
266,1118
266,1119
266,1120
266,1121
266,1122
266,1123
266,1124
266,1125
266,1126
266,1127
266,1128
266,1129
266,1130
266,1131
266,1132
266,1133
266,1134
266,1135
266,1136
266,1137
266,1138
266,1139
266,1140
266,1141
266,1142
266,1143
266,1144
266,1145
266,1146
266,1147
266,1148
266,1149
266,1150
266,1151
266,1152
266,1153
266,1154
266,1155
266,1156
266,1157
266,1158
266,1159
266,1160
266,1161
266,1162
266,1163
266,1164
266,1165
266,1166
266,1167
266,1168
266,1169
266,1170
266,1171
266,1172
266,1173
266,1174
266,1175
266,1176
266,1177
266,1178
266,1179
266,1180
266,1181
266,1182
266,1183
266,1184
266,1185
266,1186
266,1187
266,1188
266,1189
266,1190
266,1191
266,1192
266,1193
266,1194
266,1195
266,1196
266,1197
266,1198
266,1199
266,1200
266,1201
266,1202
266,1203
266,1204
266,1205
266,1206
266,1207
266,1208
266,1209
266,1210
266,1211
266,1212
266,1213
266,1214
266,1215
266,1216
266,1217
266,1218
266,1219
266,1220
266,1221
266,1
266,3
266,7
266,8
266,11
266,12
266,13
266,14
266,15
266,16
266,30
266,31
266,32
266,33
266,34
266,66
266,77
266,80
266,84
266,120
266,123
266,127
266,128
266,133
266,149
266,150
266,172
266,178
266,179
266,197
266,233
266,245
266,246
266,254
266,284
266,306
266,318
266,325
266,326
266,328
266,329
266,330
266,331
266,332
266,354
266,372
266,377
266,396
266,418
266,460
266,462
266,484
266,520
266,525
266,532
266,541
266,543
266,544
266,564
266,638
266,668
266,710
266,720
266,721
266,735
266,738
266,779
266,794
266,801
266,806
266,808
266,827
266,835
266,838
266,845
266,847
266,860
266,941
266,949
266,950
266,977
266,982
267,1222
267,1223
267,1224
267,1225
267,335
268,1226
268,1227
268,1228
268,1229
268,13
268,178
268,246
268,670
268,772
268,1183
269,1230
269,1231
269,1232
270,1233
270,1234
270,30
270,178
270,331
270,543
271,1235
271,1236
271,1237
271,1238
271,1239
271,1240
271,1241
271,1242
271,1243
271,1244
271,1245
271,1246
271,1247
271,1248
271,1249
271,223
272,1250
272,1251
272,22
272,26
272,27
273,482
273,494
273,689
273,690
273,691
273,692
273,693
273,694
273,695
273,696
273,697
274,1252
274,1253
274,1254
274,1255
274,1256
274,1257
274,1258
275,1259
275,1260
275,1261
275,1262
275,1263
275,371
275,373
275,375
275,379
275,383
275,385
275,387
275,388
275,673
275,675
275,681
276,1264
276,1265
277,1266
277,1267
277,15
277,1265
278,1268
278,1269
279,1270
279,1271
280,1272
280,14
280,15
280,16
280,33
280,34
280,66
280,68
280,109
280,303
280,641
281,1273
281,1274
281,1275
281,1276
281,1277
281,1278
281,1279
281,1280
281,1281
281,1282
281,1283
282,230
282,232
282,233
283,1284
283,1285
283,1286
283,1287
283,1288
283,304
283,305
283,306
283,307
284,1289
284,22
284,24
284,605
285,1290
285,1291
285,1292
285,1293
285,33
285,34
285,226
285,459
285,460
285,461
285,463
286,1294
286,1295
286,1296
286,35
286,36
286,490
286,491
286,493
286,496
286,835
286,962
287,1297
287,1298
287,1299
287,1300
287,1301
287,1302
287,1303
287,1304
287,1305
287,1306
287,1307
287,60
287,61
287,62
287,63
287,66
287,359
287,580
288,1308
288,1309
288,32
288,1157
289,123
289,124
289,125
289,133
289,172
289,192
289,194
289,212
289,213
290,1310
290,1311
290,1312
291,1313
291,1314
291,1315
291,1316
291,1317
291,1318
291,1319
292,1320
292,1321
292,1313
293,1322
293,248
293,280
293,285
293,363
293,365
293,367
293,369
294,1323
294,1324
294,1325
294,1326
294,1327
294,1328
294,1329
294,1330
294,1331
294,1332
294,1333
294,1334
294,1335
294,1336
294,1337
294,1338
294,1339
294,1340
294,1341
294,1342
294,1343
294,1344
294,1345
294,1346
294,1347
294,1348
294,1349
294,1350
294,1351
294,1352
294,1353
294,1354
294,1355
294,1356
294,1357
294,1358
294,1359
294,1360
294,1361
294,1362
294,1363
294,1364
294,1365
294,1366
294,1367
294,1368
294,1369
294,1370
294,1371
294,1372
294,1373
294,1374
294,1375
294,1376
294,1377
294,1378
294,1379
294,1380
294,1381
294,1382
294,1383
294,1384
294,1385
294,1386
294,1387
294,1388
294,1389
294,1390
294,1391
294,1392
294,1393
294,1394
294,1395
294,1396
294,1397
294,1398
294,1399
294,1400
294,1401
294,1402
294,1403
294,1404
294,1405
294,1406
294,1407
294,1408
294,1409
294,1410
294,1411
294,1412
294,1413
294,1414
294,1415
294,1416
294,1417
294,1418
294,1419
294,1420
294,1421
294,1422
294,1423
294,1424
294,1425
294,1426
294,1427
294,1428
294,1429
294,1430
294,1431
294,1432
294,1433
294,1434
294,1435
294,1436
294,1437
294,1438
294,1439
294,1440
294,1441
294,1442
294,1443
294,1444
294,1445
294,1446
294,1447
294,1448
294,1449
294,1450
294,1451
294,1452
294,1453
294,1454
294,1455
294,1456
294,1457
294,1458
294,13
294,52
294,54
294,56
294,57
294,92
294,93
294,128
294,181
294,182
294,185
294,248
294,256
294,271
294,274
294,284
294,285
294,407
294,408
294,421
294,423
294,425
294,467
294,472
294,499
294,508
294,509
294,510
294,511
294,512
294,513
294,514
294,517
294,617
294,644
294,705
294,707
294,709
294,710
294,712
294,719
294,721
294,798
294,800
294,815
294,865
294,872
294,875
294,883
294,910
294,911
295,1459
295,1460
295,14
295,407
295,409
295,436
295,437
295,1265
296,1461
296,1462
296,1463
296,1464
296,513
296,1326
297,1465
297,1466
297,50
297,52
297,53
297,54
297,55
297,56
297,57
297,59
297,168
297,169
297,171
297,277
298,1467
298,1468
298,1469
299,1470
299,1471
299,1472
299,1473
299,1474
299,1475
300,1476
300,1477
300,1478
300,255
300,544
300,770
301,1479
301,1480
301,311
301,312
301,315
301,316
301,317
301,318
301,728
302,1481
302,1482
302,1483
302,1484
302,1485
302,1486
302,1487
302,1488
302,1489
302,1490
302,1491
302,1492
302,1493
302,1494
302,1495
302,1496
302,1497
302,1498
302,1143
302,1228
302,1266
303,323
303,325
303,326
303,640
304,1499
304,8
304,14
304,15
304,16
304,81
304,108
304,109
304,110
304,651
304,653
305,1500
305,1501
305,133
305,172
305,192
305,213
305,603
306,1502
306,1503
306,1504
306,1505
306,1506
306,18
306,118
306,413
307,1507
307,1508
307,14
307,72
307,77
307,136
307,308
307,309
308,15
308,16
308,28
308,29
308,30
308,33
308,34
308,178
308,558
308,996
309,1509
309,1510
309,1511
309,1512
309,1513
309,1514
309,1515
309,1516
309,1517
309,1518
309,1519
309,1520
309,1
309,2
309,3
309,7
309,8
309,13
309,14
309,15
309,16
309,28
309,37
309,39
309,81
309,109
309,195
309,197
309,236
309,489
309,490
309,491
309,493
309,496
309,532
309,558
309,559
309,619
309,801
309,806
309,808
309,835
309,838
309,996
310,1521
310,1
310,2
310,3
310,6
310,10
310,11
310,12
310,16
310,591
310,592
310,594
310,595
311,1522
311,3
311,7
311,8
311,13
311,14
311,15
311,16
311,197
311,279
311,493
311,801
311,838
311,1513
312,1523
312,1524
312,1
312,2
312,3
312,6
312,11
312,12
312,16
312,591
312,592
312,595
312,1012
313,1525
313,1526
313,1527
313,1528
314,1529
314,1530
314,1531
315,1532
315,1533
315,1534
315,1535
315,1536
315,12
315,15
315,33
315,34
315,35
315,36
315,133
315,178
315,226
315,310
315,728
315,934
315,950
315,1017
316,1537
316,1538
316,1539
316,49
316,50
316,51
316,57
316,58
316,59
316,204
316,277
316,642
316,762
317,1540
317,1541
317,1542
317,253
317,255
317,256
318,1543
318,216
319,1544
319,1545
319,1546
319,1547
319,1548
319,1549
319,1550
319,1551
319,1552
319,1553
319,1554
319,1555
319,14
319,18
319,151
319,826
320,14
320,15
320,16
320,66
320,89
320,109
320,110
320,135
320,151
321,1556
321,1557
321,1558
321,1559
321,86
321,413
321,573
321,657
322,1560
322,1561
322,31
322,32
322,80
322,84
322,149
322,1049
323,1562
323,1563
323,1564
323,31
323,32
323,33
323,34
323,1049
324,1565
324,1566
324,34
324,783
325,1567
325,1568
325,1569
325,1570
325,1571
325,1572
325,1573
325,1574
325,33
325,34
325,226
325,253
325,254
325,297
325,310
325,461
325,462
325,673
325,676
325,678
325,681
325,770
325,771
325,783
325,911
325,1259
326,1575
326,1576
326,1577
326,45
326,167
327,1578
327,1579
327,1580
327,1581
327,123
327,133
327,172
327,192
327,530
327,851
328,1582
328,1583
328,1584
328,40
328,41
328,43
328,44
328,47
328,199
329,1585
329,672
329,681
329,797
330,1586
330,1587
330,1588
330,413
330,415
331,1589
331,1590
331,1591
331,322
331,325
331,326
332,1592
332,1593
332,1594
332,1595
332,1596
332,1597
332,1598
332,1599
332,1600
332,1601
332,1602
332,1603
332,1604
332,1605
332,35
332,36
332,99
332,178
332,407
332,437
332,839
332,1266
332,1458
333,40
333,41
333,42
333,43
333,45
333,46
333,47
333,922
333,1584
334,1606
334,1607
334,14
334,68
334,81
334,88
334,89
334,109
334,1499
335,1608
335,622
335,624
336,15
336,28
336,29
336,30
336,32
336,178
336,246
337,15
337,16
337,28
337,29
337,30
337,33
337,34
337,195
337,279
338,1609
338,1610
338,838
339,14
339,60
339,61
339,62
339,63
339,66
339,1543
340,1611
340,20
340,239
340,240
340,241
340,244
340,245
340,246
341,1612
341,521
341,541
341,769
342,1613
342,1614
342,1615
342,1616
342,1617
342,1618
342,1619
342,1620
342,1621
342,1622
342,1623
342,1624
342,1625
342,1626
342,1627
342,1628
342,1629
342,1630
342,1631
342,1632
342,1633
342,1634
342,1635
342,1636
342,1637
342,1638
342,1639
342,1640
342,1641
342,1642
342,1643
342,1644
342,1645
342,1646
342,1647
342,1648
342,1649
342,1650
342,1651
342,1652
342,1653
342,1654
342,1655
342,1656
342,1657
342,1658
342,1659
342,1660
342,1661
342,1662
342,1663
342,1664
342,1665
342,1666
342,1667
342,1668
342,1669
342,1670
342,1671
342,1672
342,1673
342,1674
342,1675
342,1676
342,1677
342,1678
342,1679
342,1680
342,1681
342,1682
342,1683
342,1684
342,1685
342,1686
342,1687
342,1688
342,1689
342,12
342,34
342,77
342,84
342,93
342,94
342,127
342,128
342,133
342,173
342,179
342,180
342,181
342,182
342,184
342,185
342,248
342,255
342,256
342,271
342,274
342,280
342,282
342,283
342,284
342,285
342,344
342,345
342,396
342,421
342,423
342,425
342,462
342,474
342,544
342,588
342,592
342,600
342,617
342,670
342,697
342,705
342,707
342,709
342,710
342,712
342,721
342,776
342,798
342,800
342,801
342,815
342,841
342,842
342,845
342,910
342,911
342,1004
342,1007
342,1021
342,1024
342,1025
342,1044
342,1052
342,1054
342,1057
342,1062
342,1099
342,1100
342,1147
342,1154
342,1158
342,1159
342,1179
342,1186
342,1187
342,1207
342,1217
342,1219
342,1296
342,1335
342,1345
342,1347
342,1356
342,1371
342,1374
342,1378
342,1384
342,1407
342,1411
342,1413
342,1416
342,1417
342,1419
342,1426
342,1427
342,1438
342,1444
342,1452
342,1453
342,1493
343,1690
343,1691
343,1692
343,1693
343,1694
343,1695
343,1696
343,12
343,34
343,77
343,84
343,93
343,94
343,127
343,128
343,133
343,173
343,179
343,180
343,181
343,182
343,184
343,185
343,248
343,255
343,256
343,271
343,274
343,283
343,284
343,285
343,344
343,345
343,396
343,421
343,423
343,425
343,462
343,474
343,544
343,588
343,592
343,600
343,617
343,670
343,697
343,705
343,707
343,709
343,710
343,712
343,721
343,776
343,798
343,800
343,801
343,815
343,841
343,845
343,910
343,911
343,1021
343,1024
343,1025
343,1044
343,1054
343,1057
343,1062
343,1099
343,1100
343,1147
343,1154
343,1179
343,1186
343,1187
343,1207
343,1217
343,1219
343,1296
343,1335
343,1345
343,1347
343,1356
343,1371
343,1374
343,1378
343,1380
343,1384
343,1407
343,1411
343,1413
343,1416
343,1417
343,1419
343,1426
343,1427
343,1438
343,1444
343,1452
343,1453
343,1493
343,1613
343,1615
343,1616
343,1617
343,1618
343,1619
343,1620
343,1621
343,1622
343,1623
343,1624
343,1625
343,1626
343,1627
343,1628
343,1629
343,1630
343,1631
343,1632
343,1633
343,1634
343,1635
343,1636
343,1637
343,1638
343,1639
343,1640
343,1641
343,1642
343,1643
343,1644
343,1645
343,1646
343,1647
343,1648
343,1649
343,1650
343,1651
343,1652
343,1653
343,1654
343,1655
343,1656
343,1657
343,1658
343,1659
343,1660
343,1661
343,1662
343,1663
343,1664
343,1665
343,1667
343,1668
343,1669
343,1670
343,1671
343,1672
343,1674
343,1675
343,1676
343,1677
343,1679
343,1680
343,1681
343,1682
343,1683
343,1684
343,1685
343,1686
343,1687
343,1688
343,1689
344,1697
344,1698
344,1699
344,15
344,66
344,120
344,133
344,179
344,320
344,1575
345,1700
345,1701
345,1702
345,1703
345,1704
345,1705
345,1706
346,1707
346,1708
347,1709
347,1710
347,1711
347,1712
348,1713
348,1714
348,1715
348,1527
349,1716
349,1717
349,15
349,279
349,1202
349,1207
350,12
350,15
350,16
350,32
350,33
350,34
350,120
350,123
350,125
350,128
350,133
350,149
350,172
350,178
350,543
350,996
351,1718
351,1719
351,1720
351,1721
351,1722
351,1723
351,1724
351,1725
351,1726
351,1727
351,1728
351,1729
351,375
351,379
351,380
351,381
351,385
351,386
351,388
351,389
351,758
351,1468
352,1730
352,1731
352,1732
352,12
352,125
352,133
352,178
352,331
352,1234
353,1733
353,1734
353,1735
353,1736
353,1737
353,1738
353,1739
353,1740
353,1741
353,1742
353,1743
353,1744
353,1745
353,1746
353,1747
353,1748
353,1074
353,1381
353,1382
354,1749
354,1750
354,1751
354,14
354,15
354,66
354,120
354,121
354,123
354,125
354,128
354,133
354,172
354,179
354,248
354,310
354,354
354,356
354,360
354,710
355,1752
355,1753
355,1754
355,1755
355,1756
355,1757
355,1758
355,1759
355,31
355,32
355,149
355,545
355,941
355,1076
356,1760
356,1761
356,31
356,32
356,1560
357,1762
357,14
357,15
357,270
357,279
357,801
357,806
358,991
358,992
358,993
358,994
359,1763
359,1764
359,40
359,41
359,43
359,44
359,47
359,199
359,1584
360,15
360,16
360,32
360,120
360,123
360,124
360,125
360,128
360,133
360,149
360,172
360,174
360,185
360,320
360,354
360,417
360,418
360,507
361,66
361,949
362,1765
362,15
362,16
362,31
362,32
362,33
362,34
362,226
362,459
362,463
362,941
362,996
363,1766
363,1767
363,1768
363,706
363,806
364,1769
364,1770
364,78
364,86
364,164
364,167
364,303
365,40
365,41
365,43
365,44
365,45
365,46
365,47
365,1233
366,1771
366,1772
366,1773
366,1774
366,1775
366,1776
366,1777
366,1469
367,15
367,327
368,1778
368,1779
368,12
368,15
368,16
368,32
368,33
368,34
368,66
368,133
368,172
368,178
368,179
368,255
368,327
368,331
368,538
368,543
368,544
369,162
369,658
369,661
369,820
369,821
370,1780
370,1781
370,1782
370,1783
370,14
370,86
370,89
370,110
370,163
370,167
371,120
371,123
371,124
371,125
371,133
371,172
371,192
371,194
371,1749
372,1784
372,1785
372,1786
372,1787
372,1788
372,1789
372,1790
372,1791
372,1792
372,1178
372,1179
372,1355
372,1693
373,1793
373,40
373,41
373,43
373,44
373,47
373,199
373,1584
374,1794
374,1795
374,1796
374,1797
374,39
375,1798
375,1799
375,1800
375,1801
375,133
375,172
375,194
375,293